id,depression
844612355,0.24313952853402832
517925076,0.4102038332522504
538311115,0.34058358456961635
1792577349,0.13032003401414727
2053555030,0.12689518013245582
1588644412,0.07028084460110406
1630770040,0.3224471758446388
175756282,0.23057011013290918
336243974,0.13341303421404227
1332460167,0.4825094454205576
2029975219,0.3243161845276763
247459352,0.09339990401063858
1039399418,0.4852747194833622
652070016,0.12210587014996932
1445785551,0.033154783846990554
62387253,0.09077045508194459
748213919,0.39359719565417883
1147060353,0.42076923423944024
176725525,0.07715215761239058
743749216,0.18566864562990304
1384295014,0.4575270871078114
1931979602,0.34835451227160164
1077402734,0.48183263726434156
9368224,0.19508608284923667
1773781634,0.08740435626793719
1154471493,0.2232729238368698
139520147,0.31433118322095943
1092995089,0.033414643900542274
1623909876,0.3729435308413027
1128632639,0.13017419054870416
1986644383,0.15882491887402672
1656652227,0.03390360907305734
2095767679,0.21667024069979668
994239452,0.41863610231684945
1977589945,0.10673985881270376
1756032648,0.07647096747521687
807655269,0.32762537157093696
1841025547,0.4325988701811134
913029883,0.21953143147177379
1680982804,0.3222459065521335
1057351047,0.35860636011105207
475839311,0.22527937789592656
1763486611,0.12732178666004934
1046935979,0.17391647243714203
1592361046,0.08611519460828809
535354857,0.3417407062967506
558947640,0.3002826065739814
1753912720,0.20925419393068267
896439789,0.1914482037510492
1005360488,0.16494472452334819
422024474,0.47225811119155203
1428270044,0.21888688001405399
1073516448,0.24627886885158112
201627121,0.3800621516719964
1601957134,0.39767057162219466
649651261,0.07210511049795088
1506332158,0.13049933888413356
1521076169,0.1954498226489214
1711721010,0.18724382430977649
994611240,0.022642922926209508
372614870,0.48440921893248934
1696197854,0.39173597415055283
1954718066,0.03858542119759001
483772202,0.09420713745381448
1778974044,0.19354419739262418
382510927,0.44790073205264136
208918506,0.06131406231684089
1847457044,0.08009343634498123
1529400782,0.3210573317928631
394709203,0.005432661299852981
1638957537,0.18939724400328295
997163404,0.18738400724200943
1813022887,0.1896999836261255
569880200,0.18922776490014925
1908576472,0.3859285243304402
757056206,0.3216470506886111
1821031386,0.29975763538670286
1932830492,0.16283172109408284
625313229,0.027040863622270095
1064756196,0.0682410238025497
603765940,0.37900079431748956
1146223034,0.18217895843808307
1112256898,0.21540104832316054
1879620104,0.0895669247316846
185574998,0.25059804345268866
1549846491,0.4477354186628766
751090807,0.32220165730881867
646749230,0.4400234978448978
301500989,0.38135469763574115
291479220,0.18180007799338327
2023875823,0.20626528716789672
1537140035,0.35092873875488806
2074514735,0.41849661655257897
1251713446,0.4628705203947483
1087824683,0.26536722332111573
1025439847,0.2630147824934497
326100448,0.32298717469627825
1692925043,0.3899496121906161
1299447198,0.3577963333221863
1676318784,0.07383294871161183
546229642,0.17208134582079104
486063892,0.2792956479343225
632211634,0.10020107355298968
1137606836,0.018884675906896575
1538300244,0.4960819830986605
1365478327,0.2875417535513769
1664453259,0.4236620470342718
1794018011,0.24869808363796153
918720455,0.2732298221204754
780465042,0.026788875862425954
607755324,0.4155109344725165
86813290,0.18738723872302643
1128377880,0.17305315831229784
2115145960,0.37797988888983625
1745599353,0.415556749203704
2100069644,0.23226264978274003
1165009203,0.2796107095513971
1137826560,0.0026722380981034632
998028350,0.3870256456253234
1501361022,0.3574203554305271
675119126,0.16072952498035242
1965675462,0.004637655168490795
1368623881,0.47367384627929887
834328391,0.42834898618396267
1657532090,0.07297909850493589
1561104686,0.2512368393116198
1348439872,0.1532610512104018
1473835520,0.48869765001935406
2084024806,0.20170574646216544
1347016770,0.050264147728181996
209512887,0.43600286082726036
1994559103,0.29649319766846816
1460918432,0.25451296971151827
1725089719,0.4062642988875105
662800975,0.3559466864862433
1609366858,0.32514664751122524
1216655808,0.4302115971845222
995004384,0.48683439905644477
558858588,0.19869024765228183
457809727,0.2972210725011877
26731396,0.22513815697579354
886886679,0.19509728622674416
588577134,0.17480146701510968
168330652,0.336635354221805
1849408294,0.26807379862206737
359180158,0.42063577750824876
1655352678,0.4230822816044384
2035126941,0.1410506731606347
593884147,0.17357435254486653
1474662241,0.3742939374270584
628484544,0.4388879950032507
1985198987,0.3317427108561404
1592503279,0.4026924159771834
1414317097,0.46927548664319474
2080420147,0.3115722094546829
2095249732,0.10722806996717793
81312472,0.4277448553048995
1964826099,0.004107974630532141
164597421,0.10234150324488134
795145307,0.04102665378891146
311788714,0.323426468879644
484362480,0.014813877093228456
743832036,0.04400276447175777
242865677,0.23775346854066015
645515146,0.1862279182513955
2072963353,0.37186838057745675
1349823291,0.03096086342773141
1758568183,0.017606801131059058
1335071511,0.3053810656763556
1852562181,0.1003728141249347
1013164093,0.039129048583335546
1323547670,0.392430763313925
858840424,0.03558770792847632
2112287991,0.04278951215556859
1237705890,0.15796549180798003
1331085297,0.13986706143435157
845738933,0.22031102713149942
187553758,0.4763378753104739
1858263086,0.48152569325420025
1754912483,0.4714743305788147
1565890592,0.37670804478246644
420518519,0.4508245679837053
977001379,0.1321633915123872
1395044509,0.3296967441354539
565155283,0.12320362160738618
1006543366,0.05666768397122368
1517345440,0.03332611646428241
589889038,0.07363265579120082
2008020798,0.4286622496250967
2118955462,0.1418823563189484
2138080282,0.09984197697543529
1806674925,0.3189270320910609
2087899738,0.2100756900463363
1040561792,0.31584321530818826
1704500873,0.33231059941936003
1944056656,0.45983917111161077
1316996219,0.3521875776516392
973005740,0.24705934082631487
1443536748,0.23288473226929263
1827653575,0.40648295780565746
964992651,0.467618095323898
1242681972,0.44263444338323765
1193079630,0.2631138128772381
764907107,0.4350764604080126
1788075477,0.23649287770928673
349826632,0.49449597300005976
397585659,0.03993316133441205
1753019669,0.1492593062034686
605535980,0.13854308679371563
1701182557,0.3681312283652396
1479201429,0.07670132922221917
760054132,0.1444407701973205
524332077,0.22291327076108836
73575594,0.065048351275653
1665836851,0.37485489436857655
114931007,0.32084214804616096
356427506,0.007837827094361316
613074478,0.10237987470514653
2076238388,0.22476856267067724
125551457,0.30331954625218316
1502985298,0.3968357977407546
1761671018,0.35917327812149225
95467410,0.3873452208822048
2044506530,0.253935989347859
136759710,0.47459998453844143
1002685154,0.14648632215410018
1331669578,0.27034448624054797
1883095614,0.04614549684961844
1851252889,0.26535514324364406
1465371939,0.27025681764941467
38062446,0.44418072617772886
86475263,0.3547198033890382
439592076,0.4117289506542914
2003424933,0.09519146278861612
1673371412,0.43363638036754715
657453648,0.3833664648880557
273976320,0.15227869774924407
2128666734,0.3530734875330701
1109630987,0.2864601142608567
1462810629,0.1403434931808576
789486133,0.4314688987005706
1453637555,0.40869360845691105
752149857,0.23303077430093033
1303435422,0.20207117234934913
1474268084,0.18438537732045823
897166495,0.33514525027321795
647033392,0.37810870644153205
340712794,0.10438961348149434
1580265433,0.36864755522407044
517068731,0.21188766431043504
293848412,0.2851696476616059
1495247375,0.33213668183232414
1895169487,0.2132527759750129
520927192,0.24347650009901045
2001795081,0.04398951113240379
1137678207,0.05936346271604265
719238957,0.06542721298104759
1169025313,0.3742100953346714
241165558,0.13514986579541421
1190000851,0.4268142011344196
2069677103,0.015502382174295448
1433388842,0.00947327304432477
1323618903,0.09215516660261791
1505465539,0.3401379364015398
1247773570,0.39148216979239514
783266545,0.03392330404326671
1498216631,0.4981477288043852
39428548,0.27434563810798807
46965764,0.4409727471249365
27959871,0.27081193898820644
1955180091,0.164091464694744
281595720,0.3777678149286814
9619391,0.3617394341529643
291819066,0.15694256874955315
2016926924,0.0071494203887869645
1414918635,0.16550409426781698
529658494,0.333115648838449
1748271382,0.21060466569848657
1073329432,0.059244569762649135
1306040175,0.16920143980178892
698218777,0.22016719466534873
1053674438,0.16220322307952628
327799392,0.4779720488827781
1443821970,0.09087726687643283
395359853,0.02882045214423634
2065667001,0.16141597616763548
638711320,0.23569045333813143
828739319,0.07515601368859137
1596560874,0.44256820661844465
1480295519,0.10308528864034017
364351939,0.32238887911647574
714586781,0.33126351048375113
1952440437,0.055907021101281984
1331875136,0.35451675177991504
398960692,0.09749647128412597
226283236,0.17578604088138405
937345762,0.27393290528109837
1317534181,0.3675573040083826
1939533421,0.06292625998725221
98689126,0.43472609014763464
533451362,0.2856876965038335
1997862783,0.11321906509889246
394374511,0.04114141644229541
1501807253,0.1017627060211268
978568551,0.15662971173115459
1830733889,0.34847062445099297
1439088429,0.42877865887307287
1644151579,0.14465193981192215
2012912552,0.26528400742639313
2126506358,0.4732172573143778
1210824120,0.04830178603281787
820966293,0.33699527018604414
1183051666,0.22455765329021737
1978979504,0.03982999804588516
343923650,0.24129212027068725
789172685,0.05458702056849063
1864158740,0.24979394200332727
179085059,0.16256770663784792
830402490,0.38037840931418465
988659014,0.45846384469628987
739878052,0.43535907688443665
303011133,0.034885755112338046
1517609519,0.2295953722914863
1552389543,0.11767115477991297
515154659,0.07794075888840801
649378356,0.08927176518541913
2061209106,0.1513289872608201
715712499,0.13849618423623866
872865153,0.3878878899016325
486375924,0.43753747911821605
1780713174,0.05221171089783816
1425848159,0.13117099328927395
1794703128,0.4864944770895985
1528931833,0.4653833731374313
22075725,0.22968850226633641
1795851727,0.48530942214596706
626365211,0.4253514193650698
614709437,0.24980855847688233
847831014,0.13886369801271492
503034259,0.44991055419370696
1129286997,0.23854233812439496
545452701,0.4431448902137056
297242869,0.048100862130235456
1855633792,0.43875095198348646
1114217821,0.2558916364941961
1676714752,0.3650455498980669
1902508861,0.00818661588542291
908689550,0.45632455290821383
1998298816,0.04859469069103817
484571674,0.15086171575353902
1495186537,0.4792515488358706
1935267962,0.4699109407092905
1074062928,0.03184414997265428
1831642052,0.37901581520675265
326934810,0.461695526346249
645235691,0.22941052449633048
1880015334,0.2235479043009061
944360731,0.29405829993949695
26410451,0.4707824488774808
1045295047,0.25564224009477954
270063147,0.11651102749388365
2106447030,0.029221424794140916
1789166705,0.0021046898328354047
1349616999,0.41003152049420066
203464272,0.20268607456740106
620739736,0.030915179954067895
534962558,0.11858644814410901
2040263210,0.3120117442061243
1749593584,0.13300616140462118
939755988,0.1865168521147602
1171049885,0.47497700532109555
1737096834,0.4558219437046205
10743264,0.27218843909664336
1919612866,0.14006870610824151
1445104958,0.2978207806182187
1674834554,0.2743205220651319
186626641,0.3335795505166157
330862748,0.45251251489377964
1676604125,0.2866850385434834
2012536318,0.3153748656876161
1226735939,0.15001957917528408
997386760,0.07356215423107315
1874968794,0.3640445263968193
804451128,0.10556833583867586
1689368853,0.3497995264068674
2142208113,0.06126574995859002
1050127328,0.10879411212742873
1921377258,0.02843995292411705
1223419211,0.3856146387007495
1214511281,0.3280689518592972
1024453733,0.2830770607929143
670611959,0.00010143615825342067
1764145938,0.48406960877670535
2070326673,0.4444053398587151
1224272963,0.23923183753675126
1224729497,0.37653690887928803
697617314,0.09543194804922983
1228599493,0.1734657770160517
457427103,0.3474906625250842
1250159320,0.12467080742123215
1554037431,0.3811793306900153
104525250,0.49510524068811534
1395253334,0.25398737494886525
463265485,0.466690120442081
2146866138,0.4602305968267242
1312730941,0.149415319617777
1271722141,0.3900918952530166
633185332,0.10524131717534857
1950729658,0.17493603076093045
237949443,0.2582176917739467
1672674678,0.2495876134505881
821689247,0.02991597846757088
2109772746,0.14284065569845517
2008538548,0.37782552679835035
1995805322,0.11031278296679581
160207816,0.32463050493802115
1994245546,0.03939726561129753
881957122,0.48139541914583717
862755406,0.34622637018536473
469608662,0.25564512339863654
545390434,0.3462289037419648
971615139,0.1418841846895198
292671418,0.28812420598776534
1676915533,0.14341902705204035
1532147005,0.48682115216823085
1060088769,0.18517717594974314
1655351635,0.19417661333472047
1530569083,0.16343764819355044
1049537025,0.12082307401920467
1129113621,0.350824720446699
1709371245,0.2719003505887745
396551498,0.09456305542919807
205771568,0.24517460562206672
1633339737,0.14878039422044864
1526455704,0.001994620066755104
989708197,0.33415007203603864
1913430783,0.24734278631293272
121932388,0.44366113955918607
671608807,0.19160445149162264
1912124510,0.43075220928341906
30924221,0.1168870951150307
564177830,0.4627392536767694
922148431,0.08402888683449028
746308355,0.2841386795543741
147894670,0.06679549222272918
1581876922,0.4848370447338688
29359817,0.36673247274951315
1137625979,0.12279488020495677
954567723,0.36751019548093034
1419307359,0.06954600445352455
1378717660,0.10687551565688302
1817615064,0.3681346015260658
334615505,0.0028309140659441567
1825017059,0.1700657138914785
691201281,0.3496427787723295
1104188669,0.017176092177216162
1379440069,0.4180408696061857
637314150,0.4990979119343386
2042660190,0.09967570626531774
602311547,0.3391017942947059
911341006,0.22330761527888932
413595098,0.19159524606445544
822148123,0.46921625350254637
1295439064,0.361421319387766
1549655311,0.4178890722325104
1085050157,0.30702172309933573
239070309,0.38152989024838924
1900268633,0.0766898563755376
41065640,0.41771049626358625
648057999,0.4087148152354878
1436079848,0.11723273199958761
906945821,0.29701296593510307
1434305631,0.15681792227155533
447536857,0.04084208505178921
1697751156,0.35080694957778924
1346629358,0.019819401976306494
1452982962,0.024968165875383974
613724009,0.03152510340578729
14975919,0.3504160149404445
269131518,0.2013444927827308
52343850,0.23365734695182816
638300671,0.3914798776377886
2033355306,0.07575586814810897
725206177,0.003488492409957189
1710468562,0.43225429499675805
372934300,0.05382801543216331
706863672,0.1647911427943658
406559833,0.432560458562115
1203144185,0.4371897573682002
269587970,0.03571095332298668
944481532,0.3235810712133702
1949029374,0.005064407625738454
1006668268,0.17951721489260386
384950712,0.4644478094219586
108985449,0.03581401267943285
392741017,0.0941190220760788
1984288379,0.4103289712543141
1720432201,0.038985308740489444
1367254298,0.06602161385309735
1860340939,0.25112582133527894
8958605,0.046767179292336536
1475780962,0.32537780772490876
522354751,0.007674827158831832
2040967282,0.3895267356041998
1462943234,0.36256125504820425
1205064283,0.06740124357395061
313587558,0.10347828585074303
990493744,0.22234622446019614
1796455013,0.07156086539411
320183413,0.1298538848109878
547260369,0.2582432704846358
1854848476,0.48193373936177153
972216564,0.3675900135714425
566160265,0.05264859368993413
1306503717,0.25686160661727975
896786221,0.320960222877801
788655894,0.04265784523646765
957607085,0.44378795957330297
697561029,0.162314714046909
546088617,0.00814074871389181
287608592,0.133223311892122
259228482,0.3643796566836066
1968685161,0.08658759004276995
673096321,0.3330301166914609
1077400081,0.34248391513273724
2097986051,0.18995175084510052
790084623,0.42513315903594595
95330460,0.02205750699624076
80861236,0.058766070191991204
1898832731,0.4707359592518223
965669253,0.3115270654087272
1948757999,0.3260309495021829
1123402452,0.1658213271134823
1198953563,0.05588308616994553
1891478358,0.36060803057545776
1891236113,0.15876565804411058
908564946,0.4015264287080509
75729311,0.009653547057663303
1430363029,0.0172182467440809
1431743644,0.271197997407981
1197139060,0.1250561225723228
495578720,0.39369408511413795
1494261488,0.34420834383451826
1572114366,0.21707727378124986
1295702865,0.4585184360689265
193459848,0.15108900900049704
1992481616,0.36228114925755683
1936515608,0.4696314487075881
1932643713,0.06334792456043736
482525852,0.13279256966042752
1744350410,0.37920916887608236
1275246197,0.15584355347008483
1787287423,0.3320408705963285
1469618247,0.10345297905561424
187734093,0.3147263577292865
724826674,0.291328806535077
541711027,0.03624770142505973
1618718832,0.14498508547209
1467145199,0.07678172724988919
37261772,0.18725649247488008
1796334155,0.08853466039191282
97298516,0.10630739009750911
1022613983,0.47572955799445715
1516944625,0.30711632790195154
1019404905,0.38957417073728173
1758391858,0.1855119490664272
1831767634,0.1653598595875625
488502776,0.2289995996394012
1910883393,0.43896902427985474
1691019702,0.25577728537086486
1669834395,0.27744714890181577
58294498,0.10487659387327142
2129251390,0.1567696687044755
194563596,0.48327176718675346
267779442,0.41278200970772083
611554854,0.4463420236306419
1371732425,0.4659791119254475
866096847,0.0291475245233066
1411505075,0.27357715837983854
1388301943,0.43352008685437227
463702580,0.1224914665126473
1020428577,0.26882490591193076
10211142,0.06589927698890996
1976947016,0.4751337298501781
899189234,0.3980755777000393
982628459,0.4107592523639845
1826198312,0.37662359349337926
849068705,0.3108244322147442
2063969551,0.35085467129403547
1984410163,0.0097224182925153
1288235658,0.08665649501817008
465670562,0.1671476507647114
445369090,0.48446917911262055
667013194,0.07259052976204927
1387855153,0.23420126062360858
994159217,0.364565742725631
2054092717,0.256528005665265
92659654,0.3692889705525779
372483206,0.09109470077305026
250214525,0.34032801375736454
1427628119,0.1554011468783738
528128982,0.12980005734908318
440784981,0.47822199815405675
7325060,0.45029228553791256
1089570929,0.4047939160313714
1669498201,0.41719533814626075
470124727,0.4782897648448827
1141297382,0.04824233185129145
1604169580,0.36234272994449945
1025297443,0.07403245393954805
1890619676,0.3254321702955725
1309080011,0.003641472676832791
1848887320,0.16271961610100583
1218288885,0.39798807420813276
1869710602,0.2699333594611293
512161194,0.30539782390716397
1458883919,0.280024975043629
889947401,0.08542808283331382
32428501,0.4555251769330102
525989766,0.14027695728013612
1252643327,0.08774582830813493
1262343816,0.4072009841864066
942335190,0.16807884731461264
598837457,0.01807131214609825
2146928372,0.4179824565951389
1734850464,0.03804995041432946
902603118,0.24393164062645845
1486074576,0.21232339905617437
1265795684,0.03228514208554678
1154210643,0.13375507169807932
807921668,0.2785160804574449
1174002591,0.07391492609958306
1100012882,0.13314232902467715
441777116,0.14283473270949898
21995908,0.28039383814982166
2046012600,0.366602243688547
1415629965,0.36333206418547626
504284169,0.40206065189505935
1451747431,0.3403055047674659
1888650419,0.13783822333797247
124819813,0.05696272982221551
104509590,0.3171945168218251
519487366,0.1615598501995681
1104651589,0.12702264216383696
1644154970,0.444621992492662
2068700648,0.08756735988034237
569098603,0.1481933717450037
1593159448,0.18653061857910558
2013959173,0.05072221790893927
1844939380,0.03104037540188287
126411561,0.30608680915645614
491307716,0.14115741724900488
1050592788,0.10553650102514744
423477481,0.08546481296329844
1781456338,0.15394626564776992
799056577,0.18947629402861565
1993602924,0.4807845881332877
1963108661,0.05526842357168604
358343653,0.004121531033051795
1535429389,0.4893347655950038
1442774953,0.22573748006813865
1679925014,0.38381871679313306
1624035899,0.48508456022170243
1175958379,0.11042704505349121
1086765781,0.36201105896645736
908642627,0.23064353896500833
1087099542,0.0795307239898495
1468571023,0.3535021651931771
401669836,0.29742283163623107
830846653,0.42963423665958445
1584917176,0.3250608255355676
624342383,0.060036796540451576
103659680,0.25196448671768046
271360484,0.08253545679822238
1961159326,0.41288187205280913
2138488602,0.38266973916100255
860729530,0.3881315767093181
1416727209,0.3791704864999197
478600443,0.2576206116771349
486775831,0.4777248065406994
1845339925,0.19114791583959168
1222426435,0.3301064831357188
486390568,0.14592979891512137
961736747,0.2719161080837438
203279355,0.3161863869374937
2094321647,0.49228701940129227
1013297727,0.28989944231873643
1467062277,0.1588228550526125
2106978051,0.4752424311439949
2072301864,0.0773196007639676
1565522129,0.16424282295601422
2087771364,0.3927405443885732
2066674755,0.06814670976026171
194093477,0.36468523463752334
707328200,0.3337512574100234
2047734927,0.27167499704393805
321912830,0.11415693399834304
383491600,0.22753027333828513
983749999,0.433606320859413
778279512,0.2739710234777277
143648657,0.03305581213536435
886961608,0.39161464752936936
1264515884,0.44286995050573275
2095952952,0.2285967400650506
1655691306,0.47967512082324326
596232740,0.43344478471636805
1035896652,0.44797042346526617
1926928869,0.3344885475972603
1310390640,0.001800224322542121
282126130,0.3219459996673386
444717472,0.07445705248627554
391032498,0.3844637880548376
1779095065,0.36858259846130004
2028839874,0.1798724816426578
205309306,0.4319624737363501
1979564401,0.011703899667949713
1463677094,0.08156022141753816
649827968,0.4924702182861189
840033904,0.06850501967896072
804620141,0.037188774190774154
1962068749,0.011379727237608606
335917304,0.3979688191975974
1359069766,0.029363782973364394
2035986776,0.31302376555493083
784196328,0.20511513658165903
207943820,0.32886426482967934
1110954613,0.41520699063766564
1222956619,0.09545768688474965
774088207,0.43803343878221135
1618076990,0.3265606396758436
779936570,0.00045412766113095415
1426561061,0.34146894450260845
487239901,0.27267745616220473
1112050025,0.4619719439961081
1915067763,0.2115702820887666
1465443418,0.060835974276209015
1000976460,0.07169393193482954
1853136726,0.16866464680749615
129337391,0.4457563355787091
306286182,0.011158148711416516
831161309,0.14996480314908034
834920392,0.3358797758012493
609270488,0.4920023008011416
1092006900,0.14371759382417082
1951388211,0.45889980630218297
1077847615,0.43945456848640774
6539557,0.271467216056239
972939593,0.4735466742829857
1714465686,0.26037907166290175
666281695,0.47772506445020113
875672137,0.3544539543880578
29603648,0.39557855484968485
1068728934,0.16051784928821
255327415,0.26570203241963597
1975162720,0.01273999551132654
1039790936,0.2211100070102816
1158083447,0.35144713141990813
1032962020,0.1582553290557378
3523390,0.49364705029875644
1854728910,0.19360978313029165
70510513,0.021511348667500485
120375283,0.2761107103621008
1504231489,0.23498732564778102
1622407138,0.4215882077392763
1811592968,0.18608767736899345
311811979,0.4968652924927177
197706041,0.39597857850754714
1090960107,0.2580424178980465
348960927,0.30960345902225406
373410183,0.11698281785050924
241630611,0.04050283794951959
1531434002,0.26295770327871537
308996133,0.4078039559461697
597076935,0.15516965592754062
102945710,0.04688617965822495
391151994,0.11734193284267036
69968590,0.06299980661307636
740290469,0.03830158760061053
1462618376,0.21795312435244973
1779683305,0.45697289008454334
169600473,0.15556225564177417
485472608,0.11912691781171603
2097937905,0.050775506671621784
1334818842,0.061935753971390284
96049211,0.4155571735039256
1317767894,0.42158286598184347
234673040,0.28567093022714296
232912047,0.057420739195549686
1315230898,0.15890120582573353
1089600182,0.19131152737860546
1237818166,0.06605159407410532
874885581,0.14325232842703173
1030193732,0.17413275801152217
2097911068,0.06274351323343907
864399696,0.09618425205511194
1449975417,0.39815737214679814
2019879723,0.026727084026196835
453488658,0.20213869393240103
1501352258,0.4133627555548376
1558029094,0.18158787961592537
1466143875,0.007321164799533264
8763005,0.4807538193360408
1641463626,0.2890449384315037
966054768,0.2455463588374016
1455682470,0.25428548810685037
1250156724,0.10167820446840281
1815066139,0.12385693650960583
1371003709,0.04368036524719088
849343215,0.2673839341878459
2028333893,0.49598567870290466
996138968,0.20177429927702129
1021089170,0.1900942695792054
1648855342,0.11195988603822649
1649341102,0.01215063341365763
533967112,0.05606685457903815
1318437556,0.13885843613496007
1267650229,0.20789907649723993
2092731631,0.3109377981047423
617335810,0.3746221343918865
500354528,0.372879794802941
1533313379,0.046832712208319194
1122889406,0.0052813595270215785
317842517,0.02498166743901642
2100952860,0.16124647486510213
1217582893,0.17850573349977417
1700783804,0.3304137434922687
128692495,0.013839498734656175
1182254660,0.3537985271484132
490771327,0.023354835467818802
1819444918,0.3183948362477089
1216136740,0.15492931335109894
188652027,0.07474507467801317
1913713960,0.27509174529519775
1538579441,0.4782481626305177
1361164844,0.21029442805870424
1630777366,0.28069628191528295
267705460,0.35300438035527826
1797390066,0.4384635930313898
2112138458,0.3890850762307654
1636148001,0.19736960016903282
775678253,0.39886955718369954
1888007068,0.3033210517089877
1311147218,0.34551375478918267
692292521,0.011139613101008194
1613419730,0.014476039197523605
2033030009,0.46428347646289936
1628351678,0.2627383332412965
1010931358,0.49201775265805026
403672057,0.2310085573553078
289775328,0.21886946534167961
749457805,0.45561305027327315
1623976131,0.4718729635025056
1923997219,0.24572716903062108
455263862,0.40352867118462044
1858775314,0.17489084917110098
1891940833,0.31185034432986214
1469419503,0.26083959246625277
1127712404,0.28600060062109023
271557732,0.3650806357865424
1655873266,0.3149376686080956
1090515257,0.2971171235367134
406713569,0.07364707192960296
647994878,0.47332638810230243
458856384,0.38020776649684507
386959315,0.21512006442260478
1308671102,0.03482971714022298
480823261,0.14701051092821338
1397857954,0.3439788152562926
1787274698,0.1709114264420375
1857677138,0.05338860919848187
2089601149,0.2019828191283981
1936508815,0.20734791858550494
111116789,0.023445667941500048
1583002658,0.4148108861466788
820024141,0.4141329542881653
2146273948,0.23944173728800422
1815604864,0.4365825490714368
1442294708,0.17521616236925652
344883265,0.3462742991288028
513853364,0.4592796456984658
2036316161,0.32061748471026696
832173405,0.07959809324288969
1608776186,0.09587045751847434
1639288513,0.3071607116687005
1695607625,0.3036242110046796
1125902108,0.35793072527899383
357554625,0.3519525218580899
803142637,0.4975790138534606
1917174278,0.4306208062137653
1477808108,0.341168750296557
1287310310,0.21065056019230788
955905888,0.31126819980711673
1944560548,0.054006279029897186
106283886,0.15354952056651783
851961230,0.08616242885774206
1195045718,0.40331403325088644
1391770687,0.2988447135502508
864790203,0.2729612034753579
1627635170,0.19983605908298507
1148578283,0.4294037600470517
898033233,0.18493249583945293
1754588655,0.22280779031514797
1951241854,0.2555391839482244
906865453,0.2830667211714868
1510839675,0.43926909880607745
585926164,0.10242235556998125
1000527126,0.14988697174601562
949081330,0.48587753855882454
1968086688,0.18922342616355614
51496532,0.05961202178454883
154435631,0.09550961930919222
578334623,0.030529677355723095
1923065716,0.14156846880955065
1423809375,0.20963105201955656
626587835,0.19274754053692966
470144760,0.37674402710695176
202826932,0.3054321642869322
228717619,0.1563543982707536
1533132835,0.3974027674056462
193831117,0.4832676259663984
8574365,0.43942952833424265
1823116022,0.2405574113035378
310100438,0.040955469447711224
252968925,0.499667557420608
389256078,0.30271050314386194
1570939289,0.43920529638342387
1670303398,0.14554049926784707
826641323,0.07097265948609532
130797418,0.1758521960720838
2064683059,0.05103781161410481
1753917779,0.4835994923946476
700755569,0.04101178314343201
1946073942,0.4264784214369026
2056510621,0.20533268227940837
1935643917,0.195170695882803
582129250,0.09890520115099122
739747561,0.4138013629465416
1722254731,0.4206897769731448
497194570,0.24200527784040737
1216710325,0.15276118158924135
714188725,0.02010990147460312
119705094,0.4624542906416629
1224460491,0.03392178570514126
66121021,0.24820098377261246
1159645433,0.43129935858619994
1607772894,0.21476053720787647
1001249941,0.35990858088315925
476552212,0.37268338878021723
798137525,0.055133246673525704
7985936,0.005210501442594051
1891608297,0.23439888754517746
1833101442,0.20333762404909095
119394310,0.1088967480290517
1895624885,0.4262975674491791
1951500889,0.28187846019554463
442481400,0.102566962494123
570086237,0.34785422391988696
1872556267,0.2625528607808896
312791161,0.22360820434199447
537692922,0.03629265271748494
106205335,0.1644317369778161
1423103144,0.3010489440666895
1224457369,0.4558822834463161
1340336354,0.06141994929711814
1391710829,0.11384551223613038
620017984,0.4156752233308971
1225509903,0.4660877195793436
17342828,0.08678814214872688
1222617044,0.4150861201765945
1269011621,0.03314588520472839
1306236833,0.18113815108745435
206826886,0.37319041278873044
291084938,0.21340609544774303
2068686698,0.016971525193614667
2085919173,0.0819386543521805
1777317763,0.07850535423676064
1128568232,0.049968363729176346
648018538,0.32088937533312034
780640260,0.010779274639576286
293915204,0.331870861535549
489990657,0.47087939279562896
1336449424,0.33708622718835457
407567761,0.2983935493416485
617585715,0.10226611268343078
211860207,0.2778020684293079
1011209902,0.38885730447696787
156863044,0.3103587518584465
1441575807,0.41077429642020036
1518974538,0.30862907768935166
1868484227,0.42933049987414407
58835684,0.4641232422063215
1466215728,0.3789158850306862
1150872051,0.17377071742323658
1167782150,0.4150680840394436
1464041547,0.06785208741540494
855305664,0.24732037838217025
910424822,0.1225066910465582
1434377951,0.42856925283992453
868057494,0.13917641714751916
1751751071,0.3870068410416607
286911495,0.08716726777484318
1524669263,0.1500812323816625
1107021317,0.24856871397452274
1410253556,0.13984599877703374
334163430,0.3398053119138975
1616305172,0.3951411420526121
1231659267,0.010261809656507026
1134595289,0.0033674352821932985
1881193901,0.08721980175367428
1522073298,0.37868495457369633
1142816558,0.38926267479929955
1831182667,0.038755315830655945
659065753,0.4429787043147453
427732969,0.07345572030208203
657714043,0.07102455570139377
695711982,0.2582583430043499
1872071872,0.11831210991618768
414492916,0.25421527198079374
1620364605,0.229736535271714
1597630188,0.10075010191492595
125103762,0.41281551551904805
1268352787,0.2596189270321396
707301041,0.1500345808615382
791196742,0.15105285968351012
1125493894,0.3077907343005233
1830474941,0.43057078859886744
1694941462,0.4873614969564404
1097575087,0.10193202762158649
282585370,0.04329325718059884
155041284,0.06277014509653966
1929633798,0.46539633116727863
694261729,0.2072431558105805
36149818,0.21964765630511174
2121571080,0.3276317123033117
705398963,0.3901905940930437
904167449,0.3732442898607218
1284347322,0.40699695703705707
926678614,0.2007710832291174
896634883,0.4342055536527969
1612101096,0.08306205979089754
1586010381,0.27559047007143356
251057753,0.2920612804252123
2005071967,0.29772075864896586
1546111181,0.4300207724604661
469010319,0.404772525118025
194443008,0.09246877426709332
1765785663,0.4675202408799297
1697548081,0.04012332305138244
123241349,0.0713595384412411
1711506430,0.3573622703190118
2076178481,0.15486344631611537
433498275,0.11633670899449555
620623000,0.31619503465649323
1023928207,0.39596201041661416
1116393342,0.4370792599407398
1636864946,0.0192216027075105
105755962,0.40062428480855594
1583457669,0.2645808068356921
1761667800,0.14431242208387296
1201994226,0.3744055988138655
1927072517,0.07846727414896826
1302911865,0.2951325680995929
239048982,0.4086935926966593
288804355,0.3397966783916573
714449257,0.46138843043675415
92926702,0.3781942098655371
169576517,0.22525121027132577
710513062,0.1794429085097562
632663135,0.16052408325959355
1604559959,0.2551596061709098
1532148383,0.09905152026201769
850107844,0.23955470109438437
514188068,0.46055664306105193
112321180,0.12048915636453827
1524466530,0.2722216201515426
1775893673,0.2512178722836893
291499146,0.3664031415135778
1514048261,0.15181765254503787
214280016,0.32762049098976753
575918898,0.047352553120227014
2015873438,0.15116271884670418
212582239,0.05213096252850491
1932051365,0.2569786645507026
911145363,0.3649404859517773
1165405741,0.19735303497524193
1811713788,0.12906562552115375
1475077038,0.0033948174672193687
393447032,0.25168967950954624
2049697338,0.23373207602322843
304461700,0.24664432302894213
76715116,0.34828609505489005
1431763993,0.43618157055956885
1591576539,0.02568458235599813
1281604220,0.2547663673457983
86610774,0.40742975427959927
698851938,0.08701503252800791
357950060,0.028348994764966662
1808907427,0.14217037547475897
1795724891,0.43986068370736753
358000827,0.047199562834052244
1046647664,0.28503155824757265
665625154,0.025333198802147905
1098445705,0.206418914549241
137724061,0.010545052075251249
1055439404,0.37722169413829754
1254537902,0.10513448951386906
406576915,0.45505228732914027
618957799,0.2153484709493796
943686403,0.16147210742578544
1095479385,0.016682034864960116
1339141797,0.2600133895082255
415417124,0.08340188611430932
250935633,0.3688859931858115
50787983,0.0073537112387462855
988020586,0.3183506368456239
200928373,0.4781672153328742
1605344117,0.3778723004201989
1963513284,0.4910746327102551
790676938,0.36514734161228013
125346107,0.30161933647334394
756529367,0.1846609594677613
1044232111,0.20063232480999815
705034963,0.22843870025222834
538684398,0.2843013554878837
1831441962,0.09984843679494837
524415706,0.047270574618796246
274654892,0.11432624795375013
372999976,0.34492729662125754
1446177125,0.1555676046311003
967430212,0.3710385244620191
1159245973,0.3152663741016699
1712709555,0.2345839850600413
489725254,0.2559048588360664
144886159,0.4448626195624321
508791472,0.0316503769814549
1152561908,0.024213729268744544
542558339,0.48364434282642144
874939009,0.3688247213047866
404983308,0.41449716464582487
1242667084,0.41340335862349775
296389328,0.15658919459061416
685878101,0.04275208851236201
1387785655,0.09028748778524154
118619383,0.4121765128963446
1999344828,0.02544058404310867
1653585308,0.23934854058586197
90504987,0.046684426014936165
980007027,0.3869105949136866
2135681475,0.21791710545293164
954389646,0.36642797975838803
1207076136,0.10817514745304813
816898356,0.23591576756106036
1171440987,0.05744249068301421
1885980024,0.32537109632665917
1388285343,0.24566262906698633
1526771630,0.42167158248318515
1602214903,0.3428537697433196
998431001,0.15904554177821595
100652130,0.3649244682582893
1105193445,0.09508055158310214
502778535,0.04328258194297341
1997711979,0.47175366149704345
389988104,0.14089304079004883
1729484196,0.09504299500723334
1695787365,0.09129948997446569
22058742,0.3772570624458673
126279707,0.08221347268537649
928684308,0.44467210196432205
369204639,0.1008075268264701
777027791,0.03984338314232261
271706632,0.1618821003904305
1350546597,0.22685310471547382
1725613597,0.1738119677509271
1676536859,0.4643296646182655
362454611,0.1623997005511857
313714687,0.04771907263990016
393847224,0.12342612285476484
178054341,0.13073322312669333
1042134082,0.3992946844494174
2006766910,0.4608938636764748
1822983720,0.03720794649698256
249687225,0.3702919293890581
1751692746,0.28564807873028464
1251122188,0.25977850591484497
797952078,0.34463211379779857
459722064,0.12410083640720515
1598672679,0.02701335978143682
994814952,0.36428150391159875
2078516432,0.3712220784581657
1373952985,0.1916831995487378
755627370,0.12456148024173253
355454949,0.05457955368687095
733844305,0.04719415599518406
968085531,0.3624756300023044
1404674071,0.26214862887644763
955511669,0.09291868856477947
70818487,0.25456102867179276
792041321,0.4719364470401253
138397182,0.04711780570526436
1594203644,0.1381152463072155
2072953042,0.10922789908759789
663531531,0.04955277706902095
811660606,0.11588407905937181
56287870,0.49209202760476956
1898493767,0.37597598485179695
1450625253,0.13750761944827516
1418442769,0.24365882642467263
1509464244,0.32710088818095784
1192622542,0.1482128032288852
1746335486,0.18556749175285958
1000326859,0.1670442527493794
1194318731,0.46266455278642127
79134780,0.3113868983831818
440770909,0.24457141181386888
2022402,0.2317424346061987
875880112,0.08695594045840238
808165704,0.17098897109918987
1191502069,0.13276240172445952
1159960476,0.27240196245183945
1520796907,0.025373527847563082
1292238244,0.21162693787140618
673090928,0.176435441309156
1542686646,0.16386135246974654
2092684775,0.23432953241908905
252296100,0.36286692928942266
1383135351,0.1896253865670836
2084753764,0.012995680365749607
1791003152,0.2584197511680344
1817882307,0.4570357929420137
1074060526,0.16278183356550713
2112930756,0.2873477582607311
199028856,0.30967802439999303
253221355,0.4522059498773796
452908737,0.3538447814290002
831162584,0.26410653873945655
1480642373,0.16683528936744096
1301408227,0.3649156222358183
1396636112,0.48842726069164044
1544718282,0.28322469342037415
89896924,0.01651632636947653
1171894395,0.46816415926582344
1571803399,0.27082337660482025
2140929598,0.06804838335748009
293927500,0.06604236156819354
1375391650,0.3937735957949595
93057112,0.021499502271584703
1846342187,0.0413315214222596
602047079,0.4057029574985549
1268356083,0.1687963376028403
93318415,0.19711217495985167
1079106382,0.4835532287912532
353162252,0.2265668753003922
1672267150,0.4743101382851389
427153849,0.21876063188144101
1200798465,0.21274211503296137
1048697054,0.15548211333103978
1587475560,0.45427296835478437
1500287267,0.15626940036153414
283424612,0.2832883702965905
868866252,0.33204589627511893
310683440,0.11127213574935091
1881788951,0.05926396291400593
1736623435,0.11731085500455585
779993672,0.36099428840412173
1575539345,0.19571675385212295
1070980785,0.32841978153201623
1437502525,0.271920313490698
2081932634,0.2484691155027008
1687651480,0.24257552483842026
1067970264,0.4166139187503184
1815596999,0.2741229294568317
1531883799,0.20058028342095469
1097311886,0.10400046887849435
633836433,0.09418366698593772
180529976,0.10114458919153613
1908932143,0.18902015848250642
1698358210,0.012511839713658546
936156493,0.204805023567193
1295943639,0.4656918294570094
937748804,0.190441707326805
1270064766,0.03482268062329119
1471914473,0.04866505796747944
793029535,0.26522942705234875
512402801,0.08593436244083819
1755812098,0.11438844806695236
1345694269,0.22294824131980207
1831853591,0.34293834255478295
1315694353,0.4740843658903273
512937330,0.47647551956808165
1354426759,0.21183217755074324
1321110577,0.47087516787417094
1838589168,0.3484654288434825
657359280,0.1846123639535957
20569681,0.4801499216883691
1014993743,0.12730175228049667
1307352546,0.2184592096415301
995080172,0.394941342127181
326420514,0.08789372531752448
549106127,0.28857020072912754
1836775201,0.194354139659481
730046976,0.3850126813831789
126726892,0.40339064302803607
1625673738,0.4687753578642688
1327668568,0.2048287952679928
1556065772,0.11730278211268619
1835975582,0.16816849827653968
135433226,0.40912811727733533
647692277,0.3911181071026846
299213117,0.29310682886384676
1494744925,0.2184582736109668
1274249489,0.47422483468387533
236712001,0.10912549582089781
828474658,0.018923344344285553
2138812163,0.42946558993817163
1928255483,0.44871968191022127
282983016,0.03303230782765354
1247336237,0.031051001345238305
666935695,0.44682160369974966
8756424,0.3290393621992056
568043633,0.2639309763324391
2001731230,0.44245334997415675
1739360987,0.3531369107087947
1401864773,0.06846712260306909
1850662517,0.4098459338064657
1239672681,0.2031752822554207
1621354994,0.37978793224116103
1308349173,0.2969818523811032
419608807,0.38219473269617055
1704708988,0.01743869934726483
1981722913,0.4787333040187427
1673967329,0.20054715360960707
233290632,0.09408187336299534
1068484209,0.17928912457712975
2029099702,0.07537002321935304
514575364,0.19804601789240373
240824161,0.30142277291185593
365540082,0.3681575744673733
2116930981,0.010590063847981668
504625422,0.40175304738144924
1927716088,0.08519091709122506
63936164,0.05635301615862964
849269528,0.3729948779575274
793834290,0.2321944255289825
2079053824,0.2763058010463837
446079308,0.09428285938908054
597414548,0.0156871905635505
513507483,0.2875949793452026
1640085452,0.2008835646341538
1550114999,0.2546473107045042
1825430952,0.13651880090715807
33276794,0.2380430866786245
336903458,0.20761954551230843
1034198957,0.3840657131061942
338726648,0.28677425323283146
1339402788,0.13527177542005298
1095209384,0.3986380895498627
1420877177,0.15622936214169236
1464253682,0.4169702677138254
933004077,0.14987454280552903
40951828,0.44571815451558194
962589557,0.17295838575675582
1272108238,0.4960192578267133
1742769679,0.08222609840864159
710639845,0.34368430074130174
226659977,0.47325525630608034
432046582,0.4730241355987239
1077670247,0.04380281021826171
1234417295,0.44805486277403617
685098590,0.3919420252150285
1796844908,0.33133545197670955
1684642625,0.38849901564404554
1990955129,0.3136882201763598
1363927936,0.1416525901449628
1140101531,0.0994177673449066
861592840,0.2444799546289662
1187349894,0.10190241485818063
1308095378,0.05929787739075998
40359970,0.39005952820009426
1808069653,0.475728796525674
538023429,0.44491367787478
1012319390,0.4716659048806857
2036647823,0.49135167142732783
1626599139,0.49742547226164824
1709503509,0.44580901175587684
511687640,0.2571579398060333
1576312347,0.20279921875711793
253678103,0.4033926948268931
1083958586,0.3798126063884837
2101142018,0.05095653583078352
1013762196,0.41637429207574783
1797569985,0.1988760605173443
308981666,0.33631382851245206
1269407743,0.3998937842700183
846243384,0.3740378065543659
1480513374,0.09376937690719167
508414281,0.07179659825186491
734182419,0.48822379782992265
253154249,0.2743326143095608
1354752929,0.11499476745398773
465626299,0.31005943204781516
2105462219,0.14524992072193577
798469213,0.455477607758322
572306098,0.47110356321170066
1511385502,0.339368071128618
1348975857,0.005724581448964372
949856774,0.20067728023360942
1003130764,0.4153449155887845
1072403830,0.4856767095021368
1134791197,0.8211007305625468
1107396025,0.8131240130331996
292594650,0.7375833566908785
1766958173,0.7388401666316611
1469882886,0.6376035914564593
759549858,0.7087429441340483
1152305047,0.6917256017809112
905165884,0.8346811987116567
928360618,0.8408076540444807
2145234908,0.9097562055671027
1582685542,0.7689946380231749
1925430670,0.9425502900427176
663537819,0.8676066152178858
2048561489,0.9725816251633184
324462329,0.9327819812023481
1164751526,0.5261079936661801
1971243519,0.7583759725417121
64210479,0.6007002053005799
2036000433,0.5762958137734859
1005495938,0.5677729794081188
1847107821,0.9445343649779456
1613756840,0.7235088476532958
1027921884,0.6772449496546589
43303565,0.8157256790498266
1180672293,0.8709581827685025
1059376962,0.7327144200216331
1443276368,0.9458601098702122
1763696969,0.8004635737373889
242207798,0.8467045942212277
682358284,0.8707293903456765
589667497,0.7742212447395307
1026875684,0.6074080292165931
1786945583,0.6107236162681158
957803976,0.5433174152412441
1618993817,0.7407615090337334
459728766,0.6975149312811766
903273115,0.9277253445565545
1255991324,0.8592414970786599
1330955857,0.8376463926408864
1792258031,0.8616054882022937
2014877183,0.8807116137416227
49476885,0.5810321460134809
726530115,0.9182343370391113
2132313254,0.7313852301150945
897887849,0.6650423358203224
1942004014,0.9466754327189939
240157309,0.5938293335263811
1850865910,0.9638467286244392
191731714,0.9800082200371047
1953537612,0.6057904251142467
1291059191,0.5943154089458336
518964432,0.961755664506029
152079903,0.6500086683441477
21485734,0.5148042993784436
69370529,0.8859589648260968
1449521553,0.9948138685716188
798860152,0.832434021869572
1127919549,0.6831359332427347
2059771894,0.9656815526774114
555271573,0.6803026317874838
830138199,0.5036351625821336
89255637,0.7311720592037467
1233898625,0.6175092478962458
711387703,0.5627732068339455
1598795182,0.8799034065919056
1745193745,0.9558836081596489
1558222194,0.5808242335836429
805415568,0.976719785720519
2073723439,0.7757148175430668
125229677,0.8416157412791172
509513838,0.8876709298256973
1425273865,0.9690066180761292
206683449,0.726713176587138
447664933,0.8625377809262567
828763412,0.837956909868355
2104079854,0.9168011135668479
904316254,0.5866750257228599
1824955714,0.6054158414303608
1077718506,0.9962543383931379
1929373884,0.9773770308047389
369542008,0.9242411101023844
272343881,0.8730409586583328
1389938458,0.6754296550154368
1659749272,0.9066969753506555
598249682,0.8012963384825493
402035972,0.8813909549696639
576512887,0.8729491144326804
1087409302,0.850274692231217
1417518017,0.6668827155947366
101440063,0.629319684459059
324253638,0.7119294895959758
970634754,0.8413808250356993
986633517,0.8813467320671631
1839636374,0.6354597136701194
1791067624,0.8163931521157313
379423760,0.5949292053822077
749844450,0.6295270829094317
135240259,0.710613436444941
1737740855,0.5883737710893104
1895148767,0.7999151145942562
1244640031,0.7502154807107697
1833350121,0.6680251295090507
1553436603,0.7121944239069311
1075044765,0.5364356050587631
879610252,0.71447039086061
992779819,0.5917170590288059
1522501260,0.9611578966008114
1937047160,0.8552806631944776
404857830,0.5167908995230217
1661043073,0.6529934789691971
62691537,0.6358657732019797
1554377804,0.8968310204959877
1857722893,0.591388287034972
322492614,0.7260367508739414
363647048,0.9972974796092036
624528242,0.512334554982715
110204312,0.7481113761025053
209824497,0.6393218929368238
1181010671,0.9365741639051581
892109682,0.513171753824686
510185546,0.607836011888649
1966260946,0.5647541651834409
665233858,0.8260090681262415
1424147482,0.873887410187379
1220601104,0.6507292660722097
1688129116,0.9906958484858173
818448313,0.540672282454361
1718942688,0.6717988846865737
875221816,0.9197177954575988
588250345,0.718412709238816
971752277,0.7084023779015514
121485772,0.8619416555208943
919063843,0.5192623839824275
346144496,0.8292697900868298
1955905957,0.8101717940514508
1002487546,0.7708437926046159
844289611,0.5412647112518396
448509532,0.8778846613519384
974752205,0.6972109205554506
314680363,0.6888082011063119
1872666361,0.6372679772763998
1079501456,0.9053611390305356
1866372553,0.8406339611057465
60719565,0.6485132699600555
1657723823,0.942282828153834
258732720,0.5379472546443758
1030281188,0.7718668127725596
329564703,0.7811197124051432
1288429328,0.9703592272640176
579378298,0.9365699811040606
1119660945,0.5853947381484605
1900848598,0.9308071796776929
1394509405,0.826781157391336
898144358,0.5085904083181809
105088571,0.850729458939016
120557369,0.5086844468729765
1537013454,0.9743944772988922
1456729180,0.8470037538096484
575242264,0.6486078637258945
1927738459,0.6590598929709799
1749324145,0.8115615479050131
1378611550,0.6566983183322002
1071316033,0.7019067058561053
466396029,0.8596754063194396
232310069,0.6526045446041078
1725882699,0.9901182856646251
1181200064,0.9982808760292077
1601031822,0.7550600237484915
539550549,0.8859503396811572
1083762924,0.7938916506479607
937029507,0.5968609744131204
1699394723,0.6338253371990703
1211350148,0.6346836284419677
1445581071,0.8571435713717257
221497449,0.7122953852685701
1934474902,0.5694912575333362
268475434,0.7745742408697947
805952887,0.6150866114592013
2035466661,0.5768717793522615
1960819653,0.7960988923096579
1338108854,0.5181544835730474
1698296579,0.957144697898844
2113375440,0.6853443420495129
1577899052,0.838050353997069
1886176369,0.64393055075851
966835914,0.5967217000691072
1476717161,0.9314299545083902
1661720423,0.8447390486246178
523283065,0.5077286841998667
224768716,0.5044753677572693
953005382,0.9927854472592887
2040833714,0.8388366834596681
937999437,0.9904745069222951
50959156,0.7836224813293136
4426710,0.9197678071564486
1314167567,0.8996356572359616
1834612429,0.5119179598404937
1788776634,0.7647134970174712
1264901510,0.828601255221054
2022022468,0.9044709389571395
164744691,0.5230441911197357
1584785597,0.9291192458047384
445547166,0.9019833313493582
217612546,0.7096397826344258
1169023198,0.8078127408273925
532011209,0.8911253968514963
59961716,0.608972928123686
485590347,0.6928889467283099
112244582,0.9056660847558486
1001366150,0.504301957078308
1741666874,0.8845955163792087
984925051,0.9107482698033209
886830013,0.6647292073768281
679387331,0.8302870786410388
54065925,0.9604160059850475
373530757,0.7618697792223728
1367444520,0.8581320209818823
822069732,0.6591914168596382
1191680388,0.5268716927445514
1755573747,0.6410087588526636
1995632691,0.9253362924241397
1078706346,0.8876982539402469
51240912,0.8919929626565111
1969274833,0.5240956559787477
582593238,0.8212109367523919
720550262,0.801125109811732
448445553,0.898896764256607
1909425350,0.5325461481701552
1990119556,0.9789092446701968
262404897,0.8220566318323286
1480572446,0.9848087246265553
1062071769,0.5819043989808179
794347132,0.6809564844099025
855607135,0.5538007212597584
376109701,0.730108081167204
1801977191,0.6562872883155677
1343542823,0.8255165145343479
578411861,0.8803171474690181
2000328356,0.9188117356312464
1965145061,0.7538834903351059
1613545397,0.9122942186174736
1103489919,0.9741898521959733
415879194,0.5378986154512564
1748819426,0.6907614701351008
34012064,0.5222318819591774
1785175460,0.9947427868319672
738899268,0.5968645563294164
25164734,0.8090680613774524
391042777,0.9459197307094751
146726878,0.5339289872448454
1008261578,0.8798950056265955
2120268106,0.9227800518222722
978026656,0.7228739012623802
2008480040,0.9378607040051214
1814427525,0.5191143945503516
1836888002,0.5187434235577584
1880793076,0.5845117587808897
520136466,0.5168143025024499
1614989578,0.5306459447439682
1291843419,0.6648493509019033
721733597,0.7713098944810692
509514163,0.5715693584971469
802988545,0.9068853678718032
566487212,0.6207160327048555
349805213,0.8943619580854527
918849995,0.6446714314141921
56939938,0.643710291430013
870155576,0.7918467083637637
1239724510,0.8850218809038264
1753217984,0.9325994314029664
2049606664,0.8746307065361325
1659482714,0.6664050595230648
78682355,0.6767456725629426
1925369356,0.9201408381049241
1231872567,0.9235131901160276
690669850,0.8577904134224354
97573144,0.87041698673581
760412325,0.7681133104434714
1979903542,0.7009245109624036
174389819,0.9872200204220078
511942548,0.879705704565934
1868351949,0.8668139788255154
453899385,0.9978423928353397
1284698163,0.6524599586299615
1243215642,0.5442750350922321
632149762,0.7724349651724687
1319022010,0.9550390843622356
735033545,0.6734282040312323
664452943,0.6453937361063264
765388003,0.5546749634299424
1801367365,0.551485881222094
498908690,0.5971738763178394
1676390771,0.5967611727655164
1234345597,0.6787340648899267
916511183,0.8943452672172274
1129301910,0.5060789100012144
713357410,0.6007117111919609
544134725,0.5219469600469573
232780258,0.8542657935942675
1184878700,0.5592081885949227
468630309,0.5205915464614517
1044155544,0.5279452230505832
1480252197,0.6595896066257669
719036459,0.7205397979423012
1105106857,0.9897181450736365
902400473,0.9432121173603996
537522574,0.5926025682537261
1316524013,0.9851392843777944
871993189,0.9482251974496503
1019267059,0.8712852832069764
154176624,0.8600435997770379
323480405,0.8088139256031539
1214315105,0.8151119824728408
731309082,0.6480683101622127
1467660097,0.8927471203861348
1903201585,0.7148208181801721
601542840,0.7843654998236271
555220184,0.8624385927759626
78824720,0.6585866570600363
545780875,0.7870443366402569
1864820305,0.8030792831105042
918215161,0.8646055450922283
1777857687,0.605947776193533
771003657,0.9397550066379097
1246035929,0.8945896238158095
471454652,0.6608122421677827
1752478886,0.9379758365654087
219606204,0.9644763395800524
760926755,0.730885669107094
1326694989,0.8476293947287807
1880613006,0.8110725941423897
940890168,0.5122944799961573
1103477192,0.8125846618627914
1390203541,0.79822027806674
575118306,0.5538718079879263
885841371,0.7506359008252659
1722063684,0.9598201250743568
213829702,0.8528283594442136
347262211,0.5785866094599488
747874431,0.6954116270352415
662421767,0.9582542113661443
1815735156,0.6579379309025519
652125547,0.5576319101874052
4175033,0.9285958558069822
2131423703,0.8974433979690257
1324457316,0.7349765876893422
854775417,0.8312874442616778
1787659610,0.966698153161829
1399044504,0.7168693643440971
1550959228,0.9772739278014377
140115428,0.6024475729158869
369658774,0.6039399236340373
247380232,0.5725669000288018
1805168262,0.7807829166209324
108718059,0.6318316319426334
1878829873,0.6548083526419362
784184232,0.9154732104193979
1969743980,0.8126409935560055
2122748954,0.5300947794688913
407933022,0.7113977918412857
2053081779,0.5439856743609237
17098670,0.735141726236261
535737141,0.9248379107155547
1978968947,0.9917353772023461
1037944042,0.7469081158386697
1428006079,0.6995616734030001
138411816,0.8723826532685539
2041631397,0.5241128190883089
1900529170,0.9797116390036376
592552920,0.8433106314288175
1306564521,0.6622326474284979
667521940,0.6101105644769973
2140594684,0.5341201974685728
100325230,0.7991286426479753
1397264556,0.691326657636461
489739715,0.5641171849101241
618954816,0.9373009815308802
45847057,0.6109345676292115
1353175769,0.8445064590448244
1242823431,0.6011416710249051
2041156156,0.8978055669640863
97430231,0.6471456994259519
985969833,0.8251393042639936
1950200147,0.6568275968714588
741460762,0.6478422325204871
512218030,0.8788553569453477
1936368749,0.8176800054183548
781562001,0.9758566358961787
1340059490,0.8889980765542216
1304491710,0.7125076681371247
1240051393,0.703322672137995
2029564337,0.6072379467261513
534115850,0.9562692024562391
1628799394,0.7202903729659305
520535794,0.6760308332465019
1556199733,0.7399952819726963
1948825949,0.9748584541404792
1235729427,0.8273344723466813
2100090629,0.9434634449295718
721453565,0.6009735884332414
284087745,0.9988856228840586
1643496124,0.5942334536413618
1279843653,0.8340120573341938
1010623351,0.8011921435600016
892531720,0.9207098716533633
919569152,0.672956667187794
803649939,0.9447725811038428
1023802618,0.9494851921313128
81127256,0.7053359888926689
183367832,0.6308257429060937
631502366,0.7472975715514014
657229872,0.5760193899569828
1606859941,0.5942751468622642
1476431501,0.8930567525568485
1301452086,0.6489781372584478
1579926455,0.7053984094226493
615114407,0.7967297562390296
1688591360,0.8819636729564984
1836706077,0.8825173881170816
624229120,0.9540095959798975
1601279382,0.5291059350840239
279546832,0.5581026196399712
1084590393,0.5478711714486284
823769597,0.9713988665687694
2017588341,0.6142237026888591
778535375,0.8435558303483184
367914259,0.8580006100923487
1864355517,0.7059538916673063
1360438902,0.7233544234854943
1412668197,0.6236665145599183
143560552,0.8786210595066937
574203948,0.9140202834488989
699000488,0.8530899193925574
587835642,0.5446099803277598
1126948288,0.7037224482156876
608029158,0.9945718046424759
90216132,0.6173231969254029
467334247,0.7093049341823878
643953637,0.7629179636136829
1904527673,0.5723167973829462
1179949788,0.5961445543668429
1393223477,0.5027260550602897
1104798321,0.9176555994630196
1342305884,0.8570748898598168
999786440,0.9886391005308379
1756344171,0.974381900370819
1208533993,0.8140665986310385
1944492870,0.5206388521705421
1025421972,0.9373850864024131
232902097,0.865590442671202
2040183751,0.9278552109654346
288458061,0.8811970227119161
648843446,0.6274320804536639
1296337489,0.5825500902287395
249816936,0.9573468479501006
1055895607,0.8045952939477061
416852257,0.9617815639679446
1275776700,0.5937114452620129
1225760543,0.7048605591674022
672041535,0.788940012723728
1550886125,0.6055601405021829
122408403,0.727561331118725
156629162,0.8832731868672372
2005652167,0.8197725967127028
1842871339,0.900389899930742
1208258527,0.590905305316749
1126221427,0.6073754803582734
1074648739,0.7755839763104859
938905777,0.7337067085933509
136367966,0.9396600004970317
1625659684,0.6808262777424208
28351650,0.9438954216226492
408602303,0.9113029691643515
1165985128,0.7559367311621905
312511472,0.5856934949598855
991805205,0.7254376883258971
144093243,0.9080868632208645
1764425029,0.9040199018529655
1337632053,0.7782965074490651
2116348202,0.7648509954124378
1523027986,0.646427912363448
607189669,0.5112373833961321
106667805,0.611962474203084
1029743206,0.8403549133771833
311340632,0.9845340263844289
2031258495,0.8005172192920504
2076085488,0.8530706438729343
1270061759,0.6693630745375359
1122824514,0.5516757056363115
1509347945,0.9627703154477238
1271714307,0.6541376040759719
1134086873,0.7722184991335297
446480080,0.5818988856755194
1306590341,0.7175891845520574
559527791,0.8585091944679366
1753592582,0.8700895428922237
1812326747,0.7138717116952034
1101513283,0.9588778926839545
863877311,0.6613503076767007
671325214,0.5463947951045043
2001791985,0.8089774644649506
791408912,0.502010121490958
168033351,0.7560034561266153
1148235488,0.6525309722048362
1803746755,0.5115435847149552
2127215490,0.9453452457263403
81453995,0.8824246933536148
2084689032,0.8995867416150105
568189234,0.8295954153875638
82046353,0.9811235643358636
882429046,0.9333676518731497
1848168015,0.7173757554615676
1612690026,0.8487155571800837
728545151,0.6589308448918807
1505809532,0.8964020022655621
2102971730,0.6325647549533358
1930075791,0.9290107685693467
274911873,0.8344011772320137
1446244133,0.636912956136678
654147680,0.9787707049604037
401769851,0.8509357932907431
771220912,0.862260313922345
1425071584,0.9941874352451823
245346454,0.6959303159188579
1376647544,0.8214575222922971
1631903071,0.9971562338808759
156874657,0.543866616612755
1349502773,0.5544942878467438
554091353,0.5809861497478277
740799417,0.9992491324159509
902275976,0.5138126450979872
119643953,0.9853679502459727
251380912,0.8434376200423426
884640136,0.8508214473064193
1542687946,0.8542407869707578
2076505852,0.9501229532322739
2043581835,0.588071340987538
1168965160,0.8421144076254983
1628607626,0.8983110867200441
1493483766,0.7217670706308041
423686453,0.9102790141356305
1048093482,0.591407971038624
1958732155,0.9868220909150498
1685374829,0.5960192862486551
923048928,0.9387571621857216
982693157,0.9085554275370207
1192667233,0.6148323236670752
1945162879,0.8311459313372609
206306406,0.6745126723684987
495430230,0.5705944242532901
1455393992,0.6226443443577185
972988589,0.9433340056375883
1716184659,0.7905250796023022
1984097677,0.6508272383930169
1680468207,0.6463752960577853
441432463,0.9194857276090005
568255693,0.7137815403864405
1595658955,0.5723518246572077
385659905,0.9511232687106972
701678825,0.7632021027288189
575517817,0.5595331540861093
1958318415,0.6572010210743251
5016309,0.5433994609442312
544057763,0.7583836533638646
1439619122,0.7932796287173769
1628942317,0.9220923441577504
984588291,0.5389734345550838
2070914518,0.6219267009076432
1762257815,0.8030209198104199
820046673,0.8606995720047017
228246312,0.5015766225320437
1844502988,0.6588595118973473
198500875,0.7931295496645472
1374008183,0.5250368336059559
536141475,0.7600940811954704
1321108741,0.724182495923479
135310622,0.5837684965595269
1278256656,0.5200157254921685
1114957493,0.6140751758833165
964987571,0.712701255571659
227639741,0.7646419855043316
1701285178,0.8958280941521544
1946977933,0.6958018638570937
1908651532,0.9261339186410638
897945412,0.8091178701366442
1970139605,0.523166085671189
1818419212,0.8320223939849729
1468175327,0.6234106117169489
1190831520,0.7810607256843181
754955351,0.9723739040032093
445438088,0.8391049865336218
411672798,0.7208514430858415
1999806255,0.8402869317134627
1496355821,0.8657019674597386
498839657,0.755169294315424
1442616303,0.7321107332212478
641785747,0.7781820669669255
287503056,0.5034858406204314
1974520871,0.8141545847433864
106797669,0.8895227438851023
835487694,0.5490545231916695
345612319,0.9721939771953281
822383444,0.6662865272923302
1103484609,0.867703593535694
96066997,0.9381475267138963
1248971049,0.562086969647229
29679600,0.6525756287018769
1812586768,0.7936936884564361
1983819302,0.9583673918967417
2117701615,0.8622261948640464
2147205836,0.7174486352342786
320663286,0.8151156270716058
634492261,0.8557439757569707
29862044,0.7635935031055574
107989898,0.9520710236683048
1983293583,0.9561374305450627
735483899,0.6410176141743289
1750268551,0.5102804510866825
262849879,0.8741179367191894
1521871763,0.5006458972159606
264347989,0.7407054535500546
196310785,0.5625325606502294
1121286331,0.9795089904740539
1509484253,0.6409381529616027
953690594,0.6662617037095355
1088340151,0.6126607232759902
532679245,0.6238181974722625
217194359,0.9392318554418466
1671529349,0.7517960845481948
694337981,0.5595401989201498
847563330,0.970645215490828
646981730,0.5969892886218489
611176245,0.5781002766394163
687722511,0.8540022066291577
226838597,0.5601921551662787
1944044112,0.574873536240446
1254282644,0.7288636710086731
374769367,0.5755909052755364
1027308439,0.5216976655463075
2109058250,0.9733443302401028
277582060,0.6609098017789972
536986659,0.6609291468695453
70705513,0.7603658717670658
158865813,0.8725078138511151
10637902,0.5875886936595318
1282328441,0.8406417834601889
1660608485,0.5641833695451286
1787798442,0.6497216202776386
1096274436,0.5982156205311338
1855563890,0.8410700529017525
2038286072,0.8837967933069439
2102134544,0.8873001280161219
1964375229,0.9683136079308436
737023516,0.9998316899778708
727225438,0.9637428748029979
1961211941,0.8509527939978554
934492284,0.5586180773005207
1951039583,0.9319084387940784
664837381,0.6341613032189617
374794991,0.5456218672366049
2009293273,0.8851224796940382
732300693,0.7619576112218631
488950879,0.7861194923517534
1656478825,0.9302778297296825
545957852,0.7492312574821636
854083256,0.5258417757524363
1714354728,0.6423414616147358
1788028271,0.5209073792563146
1914354871,0.6042511607045977
675844584,0.9021576026467564
1842448844,0.7290268517231855
1187375544,0.6131279416907987
2083613968,0.5614664863446261
302324212,0.7953408659997869
1226519615,0.9481995291387069
1506031314,0.8771353597497011
1010360457,0.791943360193434
416029466,0.9835616425215399
446321296,0.6273296919694307
1492456550,0.790400831972228
2018209944,0.5965903983783658
381090052,0.9152463817251508
14295248,0.5815827802816234
756858965,0.5828551514409099
2113962061,0.6110281253022602
658127122,0.5811287840530532
773930139,0.8007792219277494
1689194659,0.6382210995358761
292316861,0.5992100429294691
972151824,0.5680088435162638
73337977,0.768880017286067
192024416,0.569479267130248
950074008,0.9127793993082687
1869082541,0.9749710209188613
1491711786,0.8284857889875017
1515429483,0.9197918853265676
1202070694,0.6456851481891004
1850701477,0.7220728439399373
2100534346,0.5204551020268315
817928003,0.7189892313546835
1619382852,0.966028482833428
1679034536,0.7301713124986158
1893745569,0.6023780018671321
1875904239,0.7941821138501481
435596731,0.8314403218589757
1044860202,0.8936258531841865
778158808,0.7864117294989672
1196940255,0.5182526166589412
341883823,0.7890353794837122
1327431264,0.795435246342965
1419597705,0.7330888591589773
1252911512,0.8167569728192134
357262275,0.6762476230631744
959319001,0.6375764749261883
1990622012,0.5033975727963043
351150000,0.6098249317037556
1459140085,0.6012851636135732
637995988,0.733872846669076
1589467385,0.5560258416497081
369819902,0.566447553718028
547674645,0.519772596326602
1930145257,0.5648965518401319
1836021710,0.6935348357132671
2016725761,0.6024107996878456
1286140058,0.692160664160971
1052587274,0.9457890689218296
1289155485,0.6128233326742194
1018517321,0.9761688573881955
171094370,0.8110245146904145
2060392626,0.7503560514090246
1943233284,0.8180681553527922
283083527,0.7780846468101714
369770690,0.6113529147482719
1566517761,0.7555685516897519
940602753,0.5639421370107787
7990148,0.9744336499866435
1860805139,0.9048242352847193
1799618703,0.9771991939545153
321191782,0.8329497033731617
984356326,0.7479219017490379
828354593,0.5219059764943292
705065389,0.5125722285147454
112109335,0.521872275075248
1388129947,0.9685729359174857
340636034,0.7660007269288638
918062171,0.8634548160487974
2059737175,0.8413352407565657
681371992,0.662867488384606
946086857,0.8209528962330577
2003031348,0.8994204333846803
1560957715,0.7812116354221903
1059381406,0.512962095589323
1574133052,0.8477499855796236
1921881302,0.5283434937226552
1866585489,0.8888437872322061
1647275282,0.7824691752413742
1274027219,0.7254847190838145
174078429,0.9501191649479104
2057155201,0.8618344748106725
1761295803,0.7092650170995469
1386313344,0.8544377096976046
1989496537,0.5866384811337149
1916702576,0.8014374727367528
1696049868,0.5405291263771943
49697343,0.9409046305689
1291985963,0.8551932057387752
479854303,0.6744301613425794
320959179,0.9799468321972071
973629230,0.62109976385217
1853384297,0.9038570516089628
1728927320,0.5229070445449668
632870484,0.7237777796953822
1553110567,0.778654459723489
821172829,0.9713218239531507
392023898,0.9638839624312485
486097475,0.8411691481260064
2016610954,0.9419921151352053
1627025752,0.7058033592255946
1457763042,0.6692024099533018
2036790292,0.9973499599064866
1996816527,0.6658609308933077
1841710082,0.5589298165631114
847908903,0.9852880856082411
1157519612,0.6766699481989846
1519085365,0.8587645832040334
223540671,0.8122534703442561
1516068291,0.9802265006492963
74438379,0.7691439146162793
1138886760,0.8947342081653655
187374313,0.6427686838097664
1065881638,0.6198125864260593
634896862,0.7803436152064549
1677906244,0.675180401023793
1639242573,0.95646774575874
215009825,0.5162146511495695
1744343653,0.784069743266528
1858386770,0.6923614326270577
1541442988,0.5277297563633319
1596128593,0.8432321639646236
1422490625,0.5919748130087541
656227823,0.7997762396295922
725520119,0.8597352853761997
640052270,0.8154505899392337
1263364682,0.878744469905115
1061411034,0.7525731088989485
1534708542,0.904963127689502
1976746640,0.6185962706993227
1418099662,0.5979432429153704
2026162623,0.9304550064787502
616156128,0.953299678591943
541519633,0.802824048195534
1188471485,0.5073667920120641
1802871101,0.7607203536365486
1769958387,0.6518332754111817
610546612,0.8963463697384473
1433015367,0.8067045727020101
1286627740,0.585726383213439
2073144089,0.8787848347728691
931245650,0.5146138972285303
1384265841,0.9703053188580384
1823993457,0.6594861749463998
1883532528,0.8633242867046427
1714337390,0.9701255786878225
1305181212,0.5374661173671669
785660081,0.5561577249040379
1872820714,0.65263419951361
1015417784,0.6838846320216323
1141373561,0.7383598941218708
7924588,0.9492641079117785
882780870,0.8522146340191661
1983622687,0.9545923456504486
1676295510,0.9797141319797547
2028455214,0.9965705990935145
406105097,0.65009619357944
1836170445,0.9130129245048
40410796,0.8677063787436907
227399453,0.6901726876733303
971000166,0.8206734786592342
823871936,0.6227412091189652
1265061271,0.5911128582193683
1478643498,0.6046158992131421
1976539527,0.8499332427000148
681719921,0.5451148764432237
688658146,0.743211051240209
1773940673,0.5744343977599495
166849257,0.6368875110183332
762643986,0.7645500997687495
2005932853,0.9017837474607333
268524195,0.6345831231898682
1804669226,0.5823012976280033
2061770583,0.9345235080742942
50442657,0.7711015639587231
1412701177,0.9676328876152152
594584678,0.6469093675034294
433135507,0.6062150484094619
579770592,0.6840865645039074
1243338003,0.8766470643156463
359302396,0.8391412751266749
2033817614,0.6079699248756771
1214070503,0.6659071749964056
361415216,0.6752724095146956
1932621692,0.7141256954391828
2025868691,0.6597995706028517
1798964717,0.7287623573017967
612002710,0.6912278176990423
1924666500,0.5389433818005038
1390581888,0.8027505110973028
312659481,0.641131756761439
795709137,0.8770985813194354
217420571,0.7065749684909584
878179506,0.6568174047046345
1366070791,0.6406615592865492
269571914,0.7257376618694291
1592111395,0.9858898139328538
1340633582,0.5659164049400847
1979707388,0.6182988634025577
613080847,0.6857997377609362
1344123614,0.9458021863956994
1568705916,0.9560836863382551
749809410,0.6302687721463869
1198150418,0.556711031354082
304957578,0.6271508577448053
1559864907,0.9994004165141792
1023534637,0.5148089205835618
339560941,0.6289932892029437
633974385,0.6900196240397243
316499164,0.5061110485583473
1380527686,0.7308490581544405
972943187,0.694161452298486
1790907084,0.5915039457391877
421870289,0.8400004559595988
1414905083,0.757474382329363
560594758,0.5238116630753549
1964184892,0.5490498261725101
925331976,0.585393543211703
822674995,0.7152788524011484
622197092,0.65698196945017
937130952,0.8874647560438795
1916572622,0.870267445361991
1504260188,0.8956494809201274
389603981,0.7119375594255555
783781522,0.8188590752955243
80450235,0.6401126852535644
1039648651,0.7214878865317829
960357119,0.678303249076377
1375608790,0.5497639729184378
758068177,0.6665995943463958
1774190080,0.5555469770600752
746114679,0.9495984082825029
843389354,0.5794465915151683
1553532350,0.5881163280270503
457392352,0.720926796840665
815051207,0.5279461986358864
768137940,0.9492728578381211
23091220,0.9042238254817949
152130236,0.985635098797502
456767460,0.9018150727788647
675005467,0.5214367543988949
1375159495,0.9604624837635303
1701667238,0.9805883708236323
1251577275,0.9454536002752985
354678098,0.9233753118193668
1357936193,0.8552490418792633
1586476217,0.5919336389225833
1698070068,0.6731099982265274
1720903688,0.8539286681235616
1650474408,0.707386609811758
2029880606,0.5758486675403205
1976333474,0.7616579114700937
1848751832,0.8413036409007866
737408181,0.8356048356165378
1063536219,0.6515789618195242
1344220335,0.6179151635907854
949248383,0.7989894224550831
364731527,0.9042422873535774
41419320,0.8087575283878223
2012202730,0.949340042380781
2108020114,0.6920997679437413
112721185,0.6794331418718134
142903475,0.8232034519996176
924462723,0.8130803480585254
488678133,0.596634433348445
1768445945,0.9547816256140127
110121173,0.5743962761372856
1992762021,0.5842565757444458
1506005241,0.7716331651665591
1028485567,0.8453792498995814
1825812739,0.6434757177917731
1104996893,0.5421673816457169
579733703,0.6282202782071415
1888528433,0.7040831308235571
602908823,0.7965336813350135
703831384,0.5166605513720111
1061460194,0.5495013130764583
934206449,0.9882324882313203
2101545740,0.9105736449170792
1642563980,0.9366262050395218
651325176,0.7158824720910992
1983770159,0.64150118544047
301070767,0.5230495564196289
431717668,0.9504135935715237
1005873165,0.8166580227132378
127696065,0.7614958077338532
473548442,0.7074131759239606
1124760167,0.5424837201203356
118724384,0.8709826624121497
551467213,0.5952026893908968
449318732,0.6314586191568665
742253774,0.6018848160677788
1108450219,0.7502594893687977
1345900924,0.7517173924081835
1950172128,0.8101314727104949
102538663,0.5328365688590733
1767140621,0.7454867509061138
802556946,0.9941728213346241
559898985,0.8453555482435533
416066366,0.6640545952385946
1862406404,0.5834874771965524
554922519,0.7837963340616216
1242712290,0.8606239006104488
276299848,0.5662241345350107
1092379431,0.7867774829205594
360262016,0.9010132842142813
1945749160,0.9037154351823418
2048511165,0.9325889587380498
257365699,0.6350035653747987
1732493251,0.8779783132360155
1199122970,0.955860053769598
616534495,0.8988682154694967
443409696,0.6086120753072954
393732312,0.5994228055958022
1825960142,0.7567221177787573
1019726400,0.6601229928269969
1116898217,0.5352079177381022
1226933096,0.8838861350248965
2099321596,0.7212548227888931
589615307,0.7948009777208451
1430967756,0.8687674854586653
1627800603,0.5539410695579594
1862133185,0.5841601618621226
1940630746,0.9925893279811628
794375387,0.5846205690407622
1836645475,0.7646838746623548
1123165651,0.9905462868610329
1042018422,0.5420629494357225
907768299,0.987372955276701
1651034978,0.5463536631387829
861860660,0.7453945390819214
1052483245,0.7071504185971502
318104561,0.7934727522664211
333993015,0.6553522940164545
870619041,0.9104329938770093
1302497308,0.9754379758023415
752222016,0.8490114951142012
1696719936,0.7330970265966759
1897477014,0.9735753298811645
661947596,0.9151409888666517
987689804,0.7809903226478774
1640545428,0.6730570963700035
867923492,0.6246489732291849
522522595,0.8266022098007735
1577961288,0.7063790039767959
571122526,0.7610688029940409
1067996119,0.7209430619983195
561387055,0.9153996731391896
1261864740,0.8578708653111669
1798738535,0.514720493121489
1797914888,0.6692056072874664
2097696178,0.9710993701956934
2037748680,0.8436217535250599
1955952289,0.9254403888612277
765150030,0.5469735760993686
508468803,0.9834665353436929
2029406093,0.7761006047079739
1587815995,0.6371604622889908
486755800,0.828205268775136
931748546,0.7182146544668679
1104157907,0.6634299946657372
1544448217,0.6523848939486161
1844209242,0.8165895913915548
1249259489,0.5603458082892256
1838180120,0.8065267652504353
1880622160,0.7785409849498865
175296606,0.9579324125209041
170499336,0.6946048506227012
792799973,0.7335474767711396
456785633,0.842075124324646
1732057769,0.7417794253203809
1441243184,0.5608808499151774
1706737941,0.9964955638123989
66079867,0.7463804519991601
418093378,0.6858535913137445
750864573,0.6054523480921485
1798976331,0.9655637008157818
812881034,0.8128726093276075
1350209004,0.9567016027014219
1270586424,0.8562609698112293
1655952846,0.6673855460112001
1605036393,0.7669943398591261
1487491122,0.9307086468370755
745251910,0.7179459041403131
2086546680,0.5016877589693145
1787731525,0.7463200991290027
137673682,0.8637173708885157
93478377,0.8977774355774084
606186857,0.9350105094340186
1986656324,0.7640021600233826
1839935483,0.87005110790885
1212687480,0.8010511785030356
1805293925,0.5536596444348199
838668292,0.6443663659162926
1204697713,0.9257814188298923
1460413590,0.9396686248445416
863298785,0.7746357882228772
1683943007,0.7094075935678053
422079984,0.8023966095041146
1128215740,0.9728192051857913
550801043,0.8720369465715301
1889085761,0.8751935479528417
1467100908,0.9092343791138049
1586506048,0.8877419450254234
610954982,0.9067462046823458
638066802,0.6697646280113947
2085609405,0.8125639272866039
594238958,0.9518911266222059
1474874275,0.7238018775910326
1269057482,0.9020836820228713
183073675,0.8002789733552262
1614925704,0.9474327991170082
855818735,0.5497235248240138
1559307417,0.8520714201597901
1747936882,0.7508440036259287
750305363,0.5833926716375029
2132906936,0.7215656083660242
823345798,0.7609524760192361
499487625,0.7282849425251712
745128680,0.9700585321239412
1469208873,0.8712357860117912
86254872,0.8392875148142611
512328487,0.779308122326924
1443253619,0.7110720149121956
1757361045,0.578603922140676
927787707,0.7764947796818351
910087733,0.7295561850742089
870572088,0.6992479489237393
2050875339,0.7714103961221035
237414290,0.7937489554789909
1635444162,0.6218671705477163
1939996763,0.9973198118913356
1326964580,0.8605402261816728
2039697016,0.8843276177444697
231458221,0.5763068069517274
834132595,0.5008746506439348
465385078,0.9477574348830409
1365147377,0.6982597294494628
1052661594,0.6786197076330751
1308016014,0.6506203593346296
680334649,0.5666989926589885
138378062,0.7570830559979616
1705570260,0.6773310688725118
360753013,0.6192950928714946
1109520468,0.5243291193065254
1692668380,0.6992668959147625
1559220844,0.8295773418396095
310572369,0.7060179879527393
628642547,0.9019847312954603
1694460110,0.7160945770273432
578612676,0.7292154974322003
726056223,0.5402899252648279
1858046657,0.875745926377558
1130897039,0.8142806519566097
1956305976,0.5580316971793735
2023622326,0.5183429498250742
1127988874,0.8935986275742245
1832917801,0.6471370486309329
100711445,0.8599297079231789
214475063,0.6568298283886929
1978111186,0.6404893974146084
1757603200,0.6665794975779296
1775528599,0.9696280338584415
853695965,0.9702262195443918
1732749980,0.5659870115430756
1356390276,0.8286217741791067
1223817253,0.960245767952479
652572701,0.6276347198423178
888058626,0.7972561797652098
403933642,0.5142445671437788
756799658,0.8696363670370175
989233155,0.5673427842835164
866532412,0.7121228535048125
1909542446,0.7237145204205806
548159246,0.7426742122132381
1753780825,0.5904678580010465
598034649,0.5731873927508211
1614499286,0.6476961008674369
1874060707,0.7879617098876395
684393815,0.5918581542294898
47636792,0.8895535141326327
2001597006,0.8840358244940152
1102639220,0.8024681000112892
1330596101,0.7422040279418223
286039450,0.8634319360250196
545260023,0.7401589362244767
1043382706,0.7091108481780424
679589829,0.8117129810804666
65123638,0.6256050077996385
1556433152,0.6619192881527542
622202767,0.5807347883984377
221250026,0.7259336503728218
1079359167,0.7677718897590857
1801618700,0.9488628054276251
1617605867,0.7726338348552417
2033190640,0.8981658285506651
36400371,0.9377150691615164
577925482,0.9306449734605113
840431897,0.645808375013992
2009220262,0.7717123106375521
1713342938,0.7919326873190435
1553239601,0.981287131345228
1303378427,0.8584841743574003
657450080,0.686924295078688
222714948,0.6620743442814536
1478449034,0.9676314204658159
1405191064,0.6157740459861074
412574250,0.6220378611137232
1369318954,0.718720272348218
1115489776,0.9603889204961309
1948337151,0.7612924476300407
2061384145,0.7292298451845252
653697426,0.7365870588363528
861647652,0.5642612136130314
191257006,0.8423988454945075
690667637,0.935734906577208
1884206825,0.627271983419373
827099381,0.7455062580037879
762702525,0.5877239100731657
981957604,0.7184218621705494
1071202072,0.5026195471934081
214479407,0.7878314298977589
1178635740,0.6647116648461449
533964799,0.6046491383514034
1596978324,0.5274774406704914
285860040,0.8915088156424122
1791606754,0.5818913758958502
706399297,0.8447915911118198
355174065,0.7740870573961054
140339256,0.6360617080244371
779999988,0.6190885301653637
1651417203,0.7364016393123034
496029837,0.5810202400882609
1711160891,0.6577706903579799
1903139912,0.7952204836048651
284948043,0.9269467973310039
409962812,0.8721362783487088
728656823,0.5926590840739525
2135000059,0.961937549050127
367490496,0.9534259380695982
1720815379,0.9005107923533267
319775267,0.9106697968968991
1155426261,0.8692152186038982
147653162,0.7914431218032316
1420318953,0.5390130667382955
573222233,0.8136301454390722
100609959,0.7209411577958704
1040130253,0.6336082468941111
226910894,0.9538251744113744
1714172956,0.898571944425159
744977076,0.6922473501299322
1878668303,0.8240982711861928
529281978,0.6256618824834028
175057344,0.8483474610355106
969713548,0.7413015920385462
853445177,0.7710739742118857
1876488418,0.6520343931841062
18612194,0.7166366332707685
1599813047,0.8247942210033443
1526904772,0.8961903364207924
935373008,0.6941854727483481
999750313,0.9268186520464443
1027937689,0.8345487849184181
1108809187,0.767011258735236
1834563291,0.7662029920841711
404530030,0.8202855141722996
1446519432,0.8614751099182882
1643448243,0.9766516900976736
843595580,0.6885003758122856
62008363,0.925172873708286
868604205,0.6692081781161718
1537857844,0.6698949285510718
2001044009,0.9008554622481135
457069616,0.6908033586663453
926594970,0.8127871672499225
2065083495,0.6774050690349238
616015630,0.6043558473320623
315984086,0.6550708848955313
1618108536,0.9649892123629016
916196297,0.6720719447368122
652241744,0.8500534516514016
525384565,0.7042952954967081
1258242848,0.6446177066050467
1824584255,0.7431486047622737
1645087385,0.6333408427879341
1000153020,0.6095612885124897
264448301,0.8651435452755365
2071476790,0.5353920453241994
1135040508,0.7757962965195979
1428347855,0.9061029741781272
208425110,0.8094104155927084
1169185311,0.5891817208571037
1083145884,0.5645857211512073
169368806,0.7378469319497132
849727908,0.565255325619269
451335231,0.5624149616813252
1663616383,0.777851930699736
1304633392,0.7467862230973612
549731024,0.9392888305413436
755327491,0.9112739723275691
1764718346,0.802572366062865
1668271183,0.7144918631129347
1284726179,0.8709641343485472
689683454,0.7516982356331834
1944112985,0.5691447599059636
473063010,0.8929056757844354
2074033674,0.8484912011390122
213592869,0.6401140584881571
71781071,0.6997984520622431
1879510671,0.5147906437823284
344467949,0.8419844840281954
87396508,0.8757673218910593
808578468,0.6314716190035163
150053882,0.9860957452368684
1532994220,0.6101466522232926
651509706,0.5895363970229877
286265282,0.5089986146548178
482534352,0.9073382283099054
1296574761,0.055274049486222054
621240700,0.39859231661107053
1754404920,0.4025864617450843
1805996045,0.18729623242968962
1597799187,0.23072333119739596
831589134,0.05250780318217174
1828396803,0.131207314258166
681469140,0.2272800219128559
1386699319,0.28631608379988194
453987607,0.40574330915216983
1846101821,0.23758896362363302
2038983203,0.009514761394060045
1913862400,0.3444050107990648
1379012116,0.3317669743065377
1584102958,0.47315521531516325
50872412,0.49928813907065184
159209222,0.06421975496655108
48248370,0.054869010353924
897858599,0.09507174975574273
233909299,0.31212113949730913
